<?xml version="1.0" encoding="UTF-8"?>
<!DOCTYPE hibernate-mapping PUBLIC "-//Hibernate Mapping DTD 3.0//EN" 
"http://hibernate.sourceforge.net/hibernate-mapping-3.0.dtd">
<hibernate-mapping package="com.vasconsulting.www.domain">
	<class name="TransactionLog" table="transactionlog_new">
		<id name="id" column="id" type="string">
			<generator class="assigned"/>
		</id>
		<property name="msisdn" type="string" length="13" />
		<property name="description" type="string" length="50" />
		<property name="shortcode" type="string" length="20" />
		<property name="date_created" type="calendar" />
		<property name="service" type="string" length="20" />
		<property name="status" type="string" length="20" />

	</class>
</hibernate-mapping>