<?xml version="1.0" encoding="UTF-8"?>
<beans xmlns="http://www.springframework.org/schema/beans"
	xmlns:xsi="http://www.w3.org/2001/XMLSchema-instance" xmlns:aop="http://www.springframework.org/schema/aop"
	xmlns:tx="http://www.springframework.org/schema/tx"
	xsi:schemaLocation="
       http://www.springframework.org/schema/beans http://www.springframework.org/schema/beans/spring-beans.xsd
       http://www.springframework.org/schema/tx http://www.springframework.org/schema/tx/spring-tx.xsd
       http://www.springframework.org/schema/aop http://www.springframework.org/schema/aop/spring-aop.xsd">

	<import resource="applicationContext-service.xml" />


	<!--<bean name="/DataBundleServiceManager-httpinvoker" class="org.springframework.remoting.httpinvoker.HttpInvokerServiceExporter"> 
		<property name="service" ref="databundleServiceManager"/> <property name="serviceInterface" 
		value="com.celtel.databundle.service.DataBundleServiceManager"/> </bean> 
		<bean name="/BillingService-httpinvoker" class="org.springframework.remoting.httpinvoker.HttpInvokerServiceExporter"> 
		<property name="service" ref="billingService"/> <property name="serviceInterface" 
		value="com.celtel.oip.service.BillingService"/> </bean> -->



</beans>

